product_id,competitor_launch_gap_days,num_competitors
1,49,7
2,13,9
3,43,2
4,-22,6
5,49,9
6,-19,8
7,11,5
8,54,2
9,-1,7
10,-4,8
11,27,8
12,46,2
13,24,4
14,25,8
15,-8,4
16,-4,7
17,55,4
18,22,9
19,-18,9
20,10,4
21,57,3
22,-14,4
23,48,9
24,9,7
25,31,4
26,-15,9
27,-24,9
28,18,1
29,30,9
30,47,8
31,56,3
32,-21,8
33,34,4
34,44,2
35,10,6
36,-27,2
37,6,7
38,-12,1
39,12,4
40,7,8
41,56,7
42,-7,7
43,46,7
44,34,7
45,55,7
46,18,7
47,17,5
48,-18,7
49,16,5
50,-10,7
51,49,4
52,-22,8
53,37,7
54,58,6
55,49,6
56,43,5
57,43,2
58,-6,6
59,42,8
60,-3,2
61,47,6
62,-26,2
63,43,8
64,7,4
65,-3,8
66,43,6
67,2,8
68,17,9
69,53,7
70,33,1
71,-24,1
72,-23,1
73,-17,2
74,-23,3
75,-28,6
76,-27,9
77,-11,8
78,32,3
79,46,2
80,39,7
81,-27,9
82,-10,8
83,55,5
84,12,2
85,20,5
86,52,6
87,56,7
88,-14,9
89,-27,6
90,1,5
91,-2,7
92,54,3
93,19,9
94,43,5
95,10,9
96,6,3
97,15,8
98,-21,7
99,53,4
100,-8,6
101,-27,4
102,27,3
103,25,6
104,18,7
105,-5,8
106,12,2
107,55,8
108,15,1
109,-3,8
110,-22,8
111,54,1
112,-26,1
113,-11,7
114,10,6
115,51,4
116,32,2
117,58,9
118,23,2
119,13,4
120,9,3
121,-27,2
122,46,7
123,37,5
124,-5,9
125,-30,4
126,47,2
127,23,6
128,49,1
129,3,2
130,-26,7
131,50,7
132,58,5
133,-3,6
134,-14,4
135,-9,2
136,53,7
137,15,5
138,10,9
139,50,7
140,15,2
141,-27,1
142,-20,3
143,27,8
144,8,6
145,-17,2
146,1,7
147,50,8
148,-4,4
149,15,8
150,55,4
151,-29,3
152,32,8
153,47,2
154,14,4
155,7,7
156,-28,1
157,8,2
158,39,5
159,56,9
160,26,1
161,-10,3
162,38,6
163,30,7
164,44,6
165,-5,7
166,14,8
167,-16,6
168,55,1
169,37,4
170,14,1
171,-6,5
172,48,8
173,3,2
174,-26,5
175,-28,6
176,52,3
177,24,2
178,30,4
179,-26,8
180,52,2
181,41,3
182,54,2
183,41,1
184,37,1
185,-11,3
186,5,1
187,39,8
188,25,1
189,52,3
190,-25,9
191,24,3
192,57,9
193,30,1
194,-26,6
195,-2,7
196,37,4
197,59,4
198,27,9
199,27,4
200,21,7
201,-12,6
202,-13,4
203,39,8
204,0,9
205,-30,5
206,-25,8
207,6,4
208,-29,9
209,27,7
210,6,8
211,17,1
212,56,6
213,13,1
214,13,7
215,-4,4
216,6,7
217,57,1
218,-1,3
219,57,3
220,34,9
221,-16,6
222,-7,7
223,-20,8
224,19,5
225,-1,4
226,-13,3
227,2,6
228,-28,7
229,35,2
230,-20,2
231,54,2
232,-8,8
233,25,1
234,34,3
235,21,7
236,-24,1
237,50,2
238,4,5
239,-15,4
240,20,3
241,22,8
242,36,9
243,45,2
244,21,6
245,55,9
246,53,7
247,40,6
248,24,9
249,6,7
250,-24,2
251,-8,7
252,-30,6
253,-19,3
254,-16,1
255,27,1
256,-4,9
257,49,9
258,48,5
259,18,2
260,32,3
261,20,6
262,-7,8
263,26,9
264,14,6
265,19,5
266,2,1
267,47,7
268,44,5
269,-5,1
270,45,5
271,6,4
272,49,4
273,-19,8
274,16,2
275,-2,9
276,35,3
277,-25,6
278,-21,2
279,-29,9
280,51,1
281,18,8
282,-15,3
283,39,6
284,48,3
285,-17,6
286,32,1
287,-28,7
288,10,6
289,-23,7
290,15,5
291,6,8
292,52,9
293,35,9
294,6,6
295,6,8
296,-28,7
297,29,5
298,6,7
299,2,1
300,55,5
301,34,4
302,14,5
303,17,7
304,33,5
305,29,2
306,-12,5
307,28,2
308,11,2
309,-16,8
310,20,2
311,51,2
312,49,1
313,4,3
314,29,7
315,-20,1
316,-24,1
317,-1,7
318,15,3
319,-26,6
320,35,7
321,14,1
322,-30,4
323,-12,3
324,24,9
325,16,8
326,-8,7
327,7,9
328,-15,9
329,-17,1
330,37,7
331,-25,7
332,-27,9
333,38,6
334,4,6
335,-5,3
336,-22,1
337,18,6
338,38,1
339,-6,5
340,14,3
341,51,9
342,-1,1
343,29,3
344,1,3
345,53,1
346,0,1
347,53,9
348,19,1
349,30,3
350,-14,3
351,20,8
352,-16,5
353,-19,4
354,-20,7
355,41,7
356,36,3
357,-6,3
358,7,4
359,50,2
360,18,2
361,-9,7
362,36,3
363,-7,5
364,53,2
365,31,1
366,-16,9
367,14,4
368,10,9
369,-25,5
370,19,5
371,11,3
372,35,5
373,47,6
374,29,2
375,-23,5
376,51,7
377,-22,8
378,26,4
379,43,6
380,-4,3
381,9,5
382,43,6
383,52,3
384,-3,9
385,46,1
386,58,3
387,-6,8
388,-21,4
389,0,5
390,-26,4
391,47,2
392,48,7
393,-3,2
394,42,7
395,41,7
396,-18,6
397,40,9
398,37,2
399,-10,8
400,-14,8
401,22,5
402,-29,6
403,2,9
404,3,2
405,-23,7
406,42,5
407,19,8
408,-30,9
409,14,4
410,1,7
411,31,1
412,37,1
413,5,2
414,-16,4
415,47,9
416,18,7
417,-13,7
418,-20,6
419,46,4
420,49,9
421,-16,6
422,44,1
423,-20,6
424,24,3
425,28,1
426,37,1
427,59,2
428,32,6
429,26,9
430,-5,2
431,-16,5
432,46,8
433,55,1
434,54,4
435,-20,1
436,27,6
437,35,9
438,44,8
439,59,6
440,10,3
441,-16,2
442,46,8
443,48,2
444,25,2
445,20,9
446,19,6
447,-12,2
448,13,5
449,44,7
450,45,5
451,56,4
452,-30,5
453,8,9
454,-8,5
455,58,1
456,13,6
457,-10,9
458,-3,1
459,-20,5
460,-7,8
461,-19,2
462,29,1
463,36,4
464,2,4
465,46,1
466,35,8
467,11,4
468,13,4
469,26,3
470,-15,8
471,53,8
472,56,3
473,31,7
474,-21,2
475,32,4
476,-8,3
477,50,1
478,19,8
479,41,4
480,-27,3
481,41,9
482,-8,5
483,3,5
484,23,3
485,-17,4
486,54,3
487,-27,2
488,59,4
489,51,7
490,15,4
491,6,2
492,34,4
493,31,9
494,36,1
495,28,7
496,49,9
497,24,3
498,5,9
499,-8,9
500,1,5
501,47,9
502,17,3
503,8,7
504,-20,6
505,30,2
506,-28,9
507,-16,4
508,-23,8
509,59,3
510,53,5
511,14,1
512,19,9
513,35,4
514,2,3
515,18,2
516,-14,1
517,10,8
518,-12,9
519,45,7
520,-20,9
521,29,2
522,-10,5
523,13,9
524,-8,7
525,48,8
526,55,1
527,-18,9
528,15,6
529,22,6
530,26,8
531,24,3
532,-20,1
533,50,6
534,-16,8
535,9,4
536,-16,6
537,-18,4
538,-2,3
539,6,6
540,36,1
541,28,5
542,17,6
543,27,6
544,11,3
545,-21,5
546,-15,3
547,18,5
548,51,3
549,23,2
550,31,8
551,35,4
552,58,8
553,58,8
554,12,6
555,16,6
556,-12,4
557,-14,6
558,55,6
559,51,5
560,-5,6
561,48,5
562,30,8
563,-2,4
564,31,8
565,40,8
566,51,3
567,44,5
568,-23,7
569,21,8
570,30,7
571,9,7
572,-6,1
573,47,5
574,-21,4
575,49,6
576,21,9
577,-2,4
578,27,7
579,20,2
580,39,3
581,-23,8
582,-9,3
583,13,9
584,6,4
585,32,3
586,56,2
587,-28,2
588,14,1
589,59,4
590,4,7
591,7,4
592,35,2
593,53,6
594,51,8
595,10,2
596,47,2
597,-15,6
598,19,3
599,5,3
600,16,8
601,30,3
602,51,6
603,40,1
604,-20,3
605,-16,5
606,15,4
607,45,8
608,32,5
609,58,1
610,35,1
611,-20,3
612,2,5
613,-19,3
614,-27,5
615,20,1
616,53,1
617,59,7
618,-28,5
619,30,2
620,12,9
621,-29,9
622,41,9
623,58,4
624,16,4
625,57,9
626,-12,1
627,-30,8
628,35,1
629,-19,7
630,12,6
631,24,8
632,10,5
633,32,8
634,31,6
635,26,9
636,59,3
637,-11,4
638,-17,7
639,6,2
640,41,6
641,32,8
642,-26,3
643,12,1
644,53,5
645,40,4
646,20,3
647,38,6
648,10,5
649,56,3
650,31,2
651,-8,3
652,56,4
653,-14,9
654,10,6
655,-12,6
656,-2,1
657,-27,4
658,38,3
659,43,4
660,-17,2
661,6,9
662,11,6
663,25,1
664,-27,4
665,-25,5
666,-20,2
667,56,7
668,-11,4
669,51,5
670,-17,8
671,-30,7
672,32,3
673,56,5
674,-17,8
675,40,4
676,18,7
677,-25,9
678,17,2
679,30,5
680,-8,1
681,9,6
682,46,7
683,26,6
684,-9,6
685,-13,6
686,2,8
687,44,9
688,-24,4
689,9,3
690,34,7
691,8,8
692,31,3
693,18,6
694,58,7
695,3,7
696,59,2
697,28,8
698,48,6
699,-2,6
700,-6,3
701,29,6
702,39,9
703,-4,6
704,37,4
705,37,9
706,12,6
707,6,6
708,19,8
709,-3,2
710,5,2
711,54,5
712,36,9
713,29,1
714,-14,1
715,31,2
716,58,4
717,16,7
718,18,3
719,57,3
720,-8,6
721,45,3
722,57,7
723,50,7
724,38,4
725,43,5
726,30,5
727,48,1
728,47,3
729,8,5
730,49,5
731,-8,6
732,18,1
733,33,6
734,-8,5
735,-15,9
736,2,4
737,20,6
738,19,7
739,49,2
740,35,6
741,-1,5
742,4,8
743,28,6
744,-4,4
745,5,1
746,-1,3
747,23,3
748,5,9
749,30,6
750,2,7
751,34,7
752,-29,2
753,-19,2
754,48,5
755,40,2
756,-28,4
757,-24,1
758,14,9
759,-24,8
760,29,2
761,-15,9
762,30,7
763,28,9
764,-3,4
765,36,4
766,5,2
767,17,5
768,-7,2
769,31,7
770,-9,4
771,39,9
772,42,7
773,45,2
774,-16,8
775,39,9
776,15,6
777,26,4
778,-16,6
779,45,3
780,-17,4
781,35,7
782,51,5
783,31,7
784,-4,8
785,13,8
786,50,4
787,13,4
788,-6,3
789,12,2
790,39,1
791,31,4
792,31,5
793,-6,5
794,-15,4
795,-23,4
796,-3,2
797,40,8
798,27,2
799,-1,5
800,-28,9
801,14,5
802,28,1
803,38,9
804,25,9
805,-27,1
806,-6,3
807,42,9
808,16,2
809,10,2
810,-26,7
811,8,7
812,39,4
813,41,5
814,-4,9
815,-7,6
816,20,2
817,-4,7
818,9,5
819,-16,9
820,15,2
821,41,7
822,0,5
823,41,1
824,8,1
825,57,1
826,7,5
827,-29,1
828,1,9
829,17,9
830,24,8
831,40,5
832,56,9
833,15,2
834,1,3
835,14,3
836,18,4
837,-19,2
838,7,4
839,-29,1
840,40,7
841,9,5
842,31,4
843,-23,2
844,-12,8
845,31,3
846,23,5
847,6,3
848,42,7
849,-16,4
850,-6,9
851,33,1
852,-19,5
853,36,5
854,44,7
855,57,1
856,-22,8
857,-10,7
858,1,8
859,-25,1
860,53,3
861,-15,6
862,20,7
863,55,3
864,12,9
865,56,5
866,2,7
867,-24,7
868,-19,5
869,-12,4
870,16,9
871,33,4
872,47,7
873,-6,2
874,40,8
875,28,4
876,-11,5
877,22,5
878,6,1
879,7,4
880,-10,7
881,33,4
882,53,2
883,16,5
884,18,7
885,51,4
886,19,6
887,-29,4
888,43,3
889,18,1
890,29,8
891,-22,6
892,-9,3
893,-8,1
894,23,4
895,21,4
896,11,8
897,19,6
898,38,3
899,20,5
900,50,6
901,-23,5
902,8,2
903,-8,6
904,46,8
905,26,8
906,11,6
907,-13,3
908,19,8
909,59,1
910,49,7
911,30,8
912,15,5
913,7,4
914,12,5
915,19,1
916,42,6
917,7,5
918,-25,5
919,-26,5
920,43,9
921,56,9
922,39,8
923,-18,9
924,-22,5
925,7,2
926,1,2
927,-15,8
928,50,3
929,1,1
930,-27,2
931,24,6
932,-19,7
933,20,6
934,-3,1
935,-25,1
936,-27,6
937,-23,7
938,-2,1
939,-4,8
940,30,5
941,29,3
942,55,6
943,31,5
944,19,6
945,33,1
946,15,6
947,16,1
948,-28,5
949,-22,5
950,59,6
951,-19,8
952,-20,7
953,45,7
954,-5,8
955,26,7
956,52,5
957,49,9
958,-1,4
959,29,4
960,-26,9
961,33,7
962,6,1
963,-22,3
964,0,6
965,35,6
966,49,1
967,55,9
968,57,7
969,11,6
970,49,4
971,-11,1
972,46,9
973,15,5
974,32,9
975,-14,7
976,-10,4
977,-11,2
978,19,8
979,56,9
980,-15,1
981,56,7
982,-20,4
983,36,8
984,27,1
985,-13,2
986,18,7
987,-4,6
988,-5,1
989,27,6
990,52,7
991,-22,7
992,-23,8
993,53,6
994,-7,2
995,54,7
996,14,1
997,29,1
998,-21,6
999,-19,6
1000,28,1
1001,51,8
1002,-8,9
1003,30,8
1004,7,1
1005,24,8
1006,22,5
1007,-20,6
1008,46,3
1009,27,7
1010,8,9
1011,-15,3
1012,-1,3
1013,-18,8
1014,23,1
1015,-13,1
1016,19,2
1017,-2,1
1018,52,6
1019,-27,9
1020,32,8
1021,6,3
1022,5,1
1023,-11,6
1024,47,7
1025,-12,2
1026,8,9
1027,-24,4
1028,-4,7
1029,-1,2
1030,46,2
1031,5,6
1032,-7,2
1033,33,3
1034,-6,9
1035,55,7
1036,-20,5
1037,34,8
1038,7,4
1039,58,7
1040,-15,7
1041,16,9
1042,-22,7
1043,-10,2
1044,-17,3
1045,-10,9
1046,11,4
1047,-10,4
1048,35,9
1049,-12,6
1050,-11,9
1051,-28,9
1052,4,3
1053,52,6
1054,-16,6
1055,-13,4
1056,-9,1
1057,26,3
1058,28,7
1059,28,7
1060,-14,7
1061,-20,9
1062,-29,1
1063,-21,2
1064,55,3
1065,-14,2
1066,59,2
1067,16,3
1068,36,7
1069,7,5
1070,20,9
1071,-9,8
1072,53,2
1073,28,5
1074,48,1
1075,-21,3
1076,2,5
1077,56,9
1078,-25,9
1079,0,3
1080,-5,6
1081,-18,6
1082,-15,9
1083,5,6
1084,56,3
1085,45,7
1086,5,1
1087,14,3
1088,-6,3
1089,-7,1
1090,-12,1
1091,34,8
1092,-2,8
1093,14,9
1094,31,6
1095,12,8
1096,-14,4
1097,29,5
1098,-6,8
1099,3,2
1100,10,4
1101,-17,1
1102,26,8
1103,-5,2
1104,-13,2
1105,-11,5
1106,40,1
1107,-1,6
1108,-2,8
1109,35,7
1110,-19,6
1111,-10,1
1112,43,9
1113,3,7
1114,7,3
1115,39,4
1116,29,3
1117,54,4
1118,25,1
1119,28,3
1120,25,5
1121,27,5
1122,42,9
1123,54,5
1124,43,1
1125,24,5
1126,-2,7
1127,49,4
1128,52,7
1129,1,2
1130,-19,2
1131,-7,7
1132,11,3
1133,34,7
1134,16,3
1135,12,6
1136,11,7
1137,15,5
1138,-18,7
1139,-2,4
1140,-29,1
1141,26,8
1142,33,2
1143,9,9
1144,-20,6
1145,20,5
1146,20,6
1147,44,1
1148,-26,4
1149,24,6
1150,18,6
1151,36,6
1152,23,7
1153,51,9
1154,-10,9
1155,44,3
1156,46,4
1157,46,1
1158,29,1
1159,36,4
1160,-15,6
1161,-5,3
1162,47,5
1163,-27,9
1164,59,1
1165,-16,1
1166,-10,2
1167,29,6
1168,10,9
1169,46,8
1170,46,5
1171,7,8
1172,27,5
1173,-13,3
1174,17,7
1175,33,6
1176,49,7
1177,17,5
1178,44,8
1179,59,8
1180,34,5
1181,34,7
1182,21,4
1183,17,7
1184,-24,6
1185,31,2
1186,-17,2
1187,-13,7
1188,-18,7
1189,58,3
1190,46,3
1191,-14,2
1192,6,6
1193,18,6
1194,50,9
1195,-21,6
1196,49,8
1197,-8,5
1198,-16,8
1199,40,2
1200,4,9
1201,51,6
1202,48,5
1203,27,2
1204,12,1
1205,-7,3
1206,8,8
1207,28,7
1208,42,9
1209,42,7
1210,2,5
1211,3,1
1212,-8,4
1213,25,5
1214,14,9
1215,-10,5
1216,33,9
1217,55,5
1218,-29,9
1219,13,6
1220,-22,1
1221,59,4
1222,53,3
1223,10,9
1224,48,1
1225,9,7
1226,27,1
1227,54,6
1228,48,2
1229,-8,7
1230,38,2
1231,3,3
1232,-7,5
1233,-5,5
1234,41,6
1235,-23,7
1236,39,7
1237,59,1
1238,3,6
1239,21,1
1240,13,6
1241,48,9
1242,51,4
1243,35,2
1244,-6,4
1245,17,7
1246,-22,3
1247,-15,6
1248,38,2
1249,-6,2
1250,13,1
1251,56,2
1252,-27,7
1253,13,5
1254,52,4
1255,41,7
1256,5,9
1257,10,8
1258,-14,2
1259,38,1
1260,-12,9
1261,-15,3
1262,30,9
1263,-20,7
1264,-29,6
1265,-26,3
1266,33,3
1267,-14,1
1268,30,5
1269,48,5
1270,56,1
1271,23,7
1272,12,8
1273,51,2
1274,6,8
1275,36,1
1276,3,1
1277,57,5
1278,35,8
1279,53,9
1280,41,7
1281,-3,8
1282,27,5
1283,42,6
1284,-1,7
1285,29,9
1286,23,3
1287,44,7
1288,54,1
1289,21,9
1290,48,6
1291,29,3
1292,18,2
1293,14,5
1294,59,3
1295,22,2
1296,21,2
1297,33,2
1298,55,5
1299,7,3
1300,40,6
1301,-27,3
1302,18,5
1303,36,8
1304,-6,8
1305,54,4
1306,33,7
1307,-7,1
1308,34,2
1309,21,1
1310,20,4
1311,40,6
1312,-6,2
1313,38,2
1314,19,7
1315,-19,8
1316,-11,2
1317,23,8
1318,-19,4
1319,-3,6
1320,19,2
1321,-12,9
1322,23,8
1323,31,4
1324,-24,3
1325,37,1
1326,56,5
1327,10,3
1328,49,4
1329,10,2
1330,51,9
1331,13,4
1332,5,4
1333,27,5
1334,-20,8
1335,-8,8
1336,56,5
1337,-19,4
1338,36,7
1339,53,3
1340,56,1
1341,4,3
1342,35,7
1343,13,6
1344,22,1
1345,6,2
1346,-7,3
1347,52,5
1348,58,9
1349,-26,8
1350,43,1
1351,-2,8
1352,20,4
1353,41,5
1354,-13,5
1355,-2,3
1356,46,8
1357,2,3
1358,10,1
1359,-30,5
1360,32,8
1361,51,6
1362,49,5
1363,-7,1
1364,10,3
1365,23,3
1366,-25,9
1367,27,8
1368,58,9
1369,-13,2
1370,38,9
1371,44,8
1372,15,3
1373,15,8
1374,-21,5
1375,51,9
1376,-8,2
1377,6,1
1378,57,2
1379,1,2
1380,2,6
1381,13,9
1382,41,9
1383,14,6
1384,-16,3
1385,8,4
1386,1,5
1387,0,2
1388,37,9
1389,-17,1
1390,-17,1
1391,20,5
1392,11,4
1393,46,6
1394,19,9
1395,0,1
1396,-13,1
1397,53,7
1398,-7,3
1399,-15,3
1400,-20,9
1401,-9,5
1402,20,7
1403,5,6
1404,49,1
1405,36,4
1406,-17,8
1407,52,7
1408,-20,5
1409,-17,5
1410,35,9
1411,47,9
1412,-5,6
1413,46,9
1414,-12,7
1415,47,6
1416,11,2
1417,58,3
1418,-20,9
1419,4,1
1420,11,7
1421,9,1
1422,-27,7
1423,17,8
1424,-21,3
1425,14,2
1426,56,5
1427,-23,3
1428,45,7
1429,-13,2
1430,36,7
1431,-27,2
1432,-10,7
1433,29,7
1434,42,4
1435,13,3
1436,30,9
1437,48,1
1438,37,4
1439,-5,4
1440,35,8
1441,54,4
1442,-13,5
1443,35,4
1444,-24,1
1445,-11,8
1446,13,2
1447,49,5
1448,47,2
1449,48,5
1450,27,4
1451,19,6
1452,-1,3
1453,17,6
1454,40,2
1455,-7,3
1456,50,2
1457,50,5
1458,-26,5
1459,24,8
1460,-30,6
1461,19,7
1462,12,9
1463,54,4
1464,-1,6
1465,37,7
1466,38,3
1467,10,8
1468,-10,4
1469,-11,4
1470,-11,2
1471,6,9
1472,50,9
1473,42,5
1474,-8,8
1475,53,8
1476,-22,1
1477,59,3
1478,50,2
1479,53,5
1480,51,3
1481,54,7
1482,32,2
1483,-5,3
1484,8,7
1485,-16,3
1486,31,3
1487,27,5
1488,0,1
1489,52,3
1490,37,2
1491,6,2
1492,31,3
1493,33,2
1494,16,3
1495,40,5
1496,25,7
1497,-14,4
1498,-21,7
1499,12,5
1500,30,9
1501,-17,4
1502,51,3
1503,-22,2
1504,49,4
1505,42,2
1506,-20,4
1507,-4,3
1508,-17,9
1509,-17,5
1510,-2,3
1511,-20,7
1512,-16,2
1513,13,6
1514,-17,1
1515,-28,8
1516,-19,6
1517,27,8
1518,-17,4
1519,10,3
1520,-14,4
1521,50,7
1522,56,6
1523,5,9
1524,-6,7
1525,1,3
1526,-8,5
1527,10,8
1528,49,5
1529,12,5
1530,43,3
1531,26,4
1532,3,9
1533,2,9
1534,26,3
1535,-3,5
1536,20,8
1537,29,5
1538,-24,7
1539,-29,3
1540,4,2
1541,17,2
1542,-24,9
1543,46,1
1544,36,1
1545,58,2
1546,40,6
1547,31,6
1548,24,6
1549,-9,6
1550,-3,6
1551,-26,8
1552,35,6
1553,17,9
1554,25,5
1555,5,4
1556,-7,1
1557,1,2
1558,55,4
1559,39,9
1560,56,4
1561,15,8
1562,47,2
1563,24,1
1564,-16,9
1565,12,6
1566,32,5
1567,31,3
1568,39,9
1569,-9,2
1570,57,8
1571,47,4
1572,-6,7
1573,30,8
1574,7,1
1575,20,1
1576,47,9
1577,54,9
1578,50,1
1579,47,5
1580,27,4
1581,-22,4
1582,51,2
1583,-20,5
1584,18,2
1585,38,3
1586,57,8
1587,22,9
1588,38,9
1589,-21,7
1590,-29,4
1591,56,9
1592,1,1
1593,34,2
1594,-13,5
1595,-15,5
1596,-15,5
1597,6,8
1598,24,2
1599,28,9
1600,24,5
1601,57,7
1602,23,9
1603,52,5
1604,9,4
1605,-30,9
1606,-20,8
1607,52,3
1608,-26,4
1609,-10,9
1610,24,1
1611,-11,7
1612,51,3
1613,-8,7
1614,52,9
1615,-21,1
1616,17,4
1617,14,3
1618,3,6
1619,30,4
1620,33,5
1621,12,5
1622,54,3
1623,33,7
1624,9,6
1625,13,9
1626,48,5
1627,-9,3
1628,-14,5
1629,11,9
1630,-24,5
1631,33,7
1632,21,1
1633,-6,7
1634,27,4
1635,-9,5
1636,43,8
1637,24,8
1638,19,5
1639,15,2
1640,-15,6
1641,46,6
1642,12,1
1643,4,5
1644,27,4
1645,-1,1
1646,18,8
1647,38,8
1648,8,2
1649,30,9
1650,39,3
1651,53,3
1652,8,4
1653,-25,7
1654,-26,2
1655,-24,2
1656,48,9
1657,51,4
1658,-4,7
1659,-8,9
1660,57,7
1661,58,5
1662,53,1
1663,15,9
1664,-10,8
1665,9,5
1666,35,9
1667,17,8
1668,18,4
1669,11,2
1670,15,9
1671,53,9
1672,-20,7
1673,35,8
1674,30,4
1675,-16,4
1676,-5,1
1677,-28,9
1678,-13,9
1679,-11,5
1680,57,7
1681,28,3
1682,49,8
1683,56,9
1684,-21,8
1685,55,5
1686,53,6
1687,17,3
1688,43,3
1689,-5,7
1690,18,9
1691,55,9
1692,-19,2
1693,40,7
1694,30,8
1695,31,1
1696,-13,4
1697,17,9
1698,13,9
1699,11,5
1700,44,7
1701,45,6
1702,1,4
1703,5,7
1704,5,3
1705,-21,1
1706,10,2
1707,-28,7
1708,17,4
1709,17,7
1710,18,8
1711,8,7
1712,45,5
1713,27,1
1714,-15,6
1715,-2,7
1716,34,4
1717,14,3
1718,41,6
1719,49,3
1720,29,8
1721,59,5
1722,-9,6
1723,-6,3
1724,57,1
1725,-24,1
1726,-10,5
1727,34,5
1728,-29,1
1729,-14,6
1730,17,9
1731,-12,4
1732,16,8
1733,30,7
1734,-17,6
1735,25,2
1736,-2,9
1737,-29,6
1738,-20,1
1739,1,5
1740,4,6
1741,12,8
1742,42,4
1743,3,9
1744,42,3
1745,33,8
1746,16,2
1747,-22,6
1748,-28,1
1749,14,4
1750,-10,9
1751,27,7
1752,9,4
1753,19,7
1754,38,3
1755,15,4
1756,15,1
1757,11,1
1758,22,4
1759,2,9
1760,58,1
1761,-9,2
1762,27,5
1763,-23,7
1764,-22,2
1765,-20,7
1766,56,5
1767,6,6
1768,-11,3
1769,17,6
1770,56,2
1771,-22,5
1772,15,5
1773,51,6
1774,-5,3
1775,-15,2
1776,19,3
1777,53,4
1778,-15,8
1779,57,7
1780,-15,1
1781,28,7
1782,7,3
1783,31,4
1784,50,7
1785,26,2
1786,22,9
1787,5,5
1788,11,4
1789,23,9
1790,57,9
1791,58,2
1792,48,9
1793,21,1
1794,-10,1
1795,9,6
1796,-15,1
1797,52,6
1798,-11,6
1799,-26,9
1800,-16,7
1801,9,2
1802,43,1
1803,44,3
1804,13,2
1805,26,8
1806,41,4
1807,9,3
1808,32,2
1809,-7,1
1810,9,7
1811,-10,2
1812,35,1
1813,-12,6
1814,-17,4
1815,45,3
1816,-11,2
1817,26,6
1818,-11,4
1819,0,6
1820,-2,4
1821,44,9
1822,25,6
1823,21,6
1824,44,9
1825,51,4
1826,43,8
1827,-13,4
1828,-22,7
1829,30,9
1830,27,3
1831,39,5
1832,45,1
1833,-30,4
1834,43,3
1835,35,3
1836,14,6
1837,10,6
1838,41,2
1839,-6,6
1840,-1,2
1841,13,2
1842,46,9
1843,1,8
1844,-25,7
1845,28,1
1846,53,3
1847,-17,9
1848,-8,7
1849,46,6
1850,57,7
1851,17,9
1852,29,9
1853,16,9
1854,-21,6
1855,15,1
1856,43,4
1857,-23,8
1858,51,5
1859,19,1
1860,45,6
1861,-10,1
1862,-5,1
1863,-20,1
1864,-20,7
1865,21,7
1866,-1,8
1867,15,6
1868,-30,6
1869,21,6
1870,-16,1
1871,-3,2
1872,32,3
1873,27,8
1874,38,8
1875,14,1
1876,10,5
1877,41,4
1878,7,1
1879,55,6
1880,7,7
1881,21,1
1882,15,1
1883,22,6
1884,-1,3
1885,-27,5
1886,-29,6
1887,32,3
1888,54,3
1889,30,5
1890,2,7
1891,47,1
1892,49,1
1893,27,9
1894,10,8
1895,-22,8
1896,44,6
1897,-12,7
1898,13,6
1899,42,3
1900,-24,7
1901,0,7
1902,36,6
1903,-23,3
1904,42,2
1905,22,1
1906,-16,9
1907,-23,7
1908,50,5
1909,56,5
1910,34,4
1911,15,9
1912,-24,4
1913,47,7
1914,-21,8
1915,54,5
1916,4,9
1917,17,5
1918,32,9
1919,30,9
1920,45,3
1921,-18,1
1922,22,1
1923,48,6
1924,-22,9
1925,39,7
1926,36,2
1927,-17,6
1928,-17,9
1929,56,3
1930,18,6
1931,34,7
1932,57,2
1933,59,9
1934,-21,5
1935,8,6
1936,26,2
1937,-13,7
1938,43,4
1939,39,5
1940,38,7
1941,42,6
1942,36,5
1943,26,3
1944,16,6
1945,17,6
1946,30,6
1947,-23,1
1948,43,2
1949,-6,9
1950,36,9
1951,56,9
1952,37,5
1953,45,5
1954,16,4
1955,17,8
1956,22,8
1957,-12,2
1958,30,9
1959,50,1
1960,-5,4
1961,56,3
1962,58,2
1963,11,1
1964,-25,9
1965,53,5
1966,29,4
1967,38,1
1968,4,6
1969,4,6
1970,-19,7
1971,59,7
1972,56,2
1973,14,6
1974,37,3
1975,-23,2
1976,-4,4
1977,-3,7
1978,-23,5
1979,13,7
1980,23,4
1981,-17,1
1982,10,6
1983,39,8
1984,-9,1
1985,-6,7
1986,41,7
1987,-27,1
1988,51,2
1989,4,2
1990,50,4
1991,-11,2
1992,17,5
1993,43,8
1994,21,2
1995,7,8
1996,17,4
1997,14,7
1998,51,6
1999,2,4
2000,28,6
2001,-16,3
2002,13,4
2003,4,4
2004,27,9
2005,-7,1
2006,0,8
2007,1,9
2008,2,8
2009,-20,5
2010,16,8
2011,36,5
2012,-23,7
2013,2,4
2014,52,6
2015,10,6
2016,-23,6
2017,-5,1
2018,-12,3
2019,28,1
2020,-22,9
2021,-24,3
2022,37,8
2023,-25,5
2024,30,7
2025,-15,2
2026,43,4
2027,5,4
2028,-17,2
2029,-24,9
2030,35,2
2031,0,1
2032,-2,5
2033,28,8
2034,50,8
2035,49,5
2036,40,1
2037,48,7
2038,-3,7
2039,29,7
2040,-25,6
2041,-25,2
2042,-4,8
2043,22,1
2044,47,1
2045,-14,7
2046,43,1
2047,31,4
2048,35,6
2049,47,5
2050,25,9
2051,-10,8
2052,32,3
2053,5,3
2054,10,6
2055,14,3
2056,22,1
2057,33,6
2058,53,1
2059,-24,2
2060,-9,9
2061,-11,2
2062,1,2
2063,-12,5
2064,-3,4
2065,58,4
2066,55,3
2067,35,4
2068,54,7
2069,39,3
2070,11,6
2071,23,3
2072,36,6
2073,33,1
2074,-7,3
2075,-19,4
2076,38,4
2077,55,4
2078,53,1
2079,37,2
2080,-5,1
2081,-15,4
2082,53,9
2083,-12,8
2084,0,1
2085,-28,8
2086,48,2
2087,24,5
2088,-20,9
2089,-15,9
2090,16,1
2091,8,9
2092,21,6
2093,-30,1
2094,1,7
2095,41,3
2096,-12,5
2097,28,4
2098,59,3
2099,10,3
2100,54,4
2101,55,3
2102,-20,6
2103,40,2
2104,39,1
2105,-6,9
2106,2,7
2107,-15,1
2108,5,8
2109,-14,1
2110,14,1
2111,-5,6
2112,-8,9
2113,14,3
2114,16,2
2115,25,1
2116,-20,6
2117,-1,5
2118,-6,7
2119,-10,5
2120,-29,6
2121,36,2
2122,-26,1
2123,14,6
2124,35,2
2125,33,3
2126,-8,1
2127,47,8
2128,-13,7
2129,44,8
2130,27,5
2131,29,6
2132,-16,3
2133,54,7
2134,38,4
2135,36,2
2136,51,7
2137,-23,6
2138,7,1
2139,-5,9
2140,33,9
2141,46,3
2142,33,1
2143,43,7
2144,-30,4
2145,11,3
2146,-20,8
2147,38,9
2148,-30,8
2149,34,4
2150,52,7
2151,19,2
2152,38,1
2153,45,1
2154,29,5
2155,6,9
2156,-8,4
2157,-26,4
2158,56,7
2159,57,1
2160,50,2
2161,-27,7
2162,-14,8
2163,-1,3
2164,23,9
2165,58,1
2166,50,2
2167,47,2
2168,-8,8
2169,-7,4
2170,-14,3
2171,28,8
2172,21,1
2173,15,3
2174,50,1
2175,47,3
2176,28,6
2177,48,8
2178,-12,6
2179,38,5
2180,-14,2
2181,-25,5
2182,-6,6
2183,16,8
2184,-14,9
2185,2,1
2186,-20,2
2187,2,9
2188,-3,9
2189,10,5
2190,28,7
2191,-26,4
2192,54,6
2193,-1,1
2194,15,6
2195,59,3
2196,25,8
2197,-28,8
2198,54,7
2199,-19,8
2200,-24,3
2201,-5,1
2202,13,8
2203,25,5
2204,24,3
2205,-18,8
2206,47,6
2207,-6,1
2208,50,2
2209,-15,4
2210,10,9
2211,51,9
2212,-27,2
2213,9,1
2214,20,1
2215,50,2
2216,24,4
2217,2,9
2218,8,8
2219,-7,3
2220,52,1
2221,32,6
2222,29,7
2223,21,2
2224,18,6
2225,35,8
2226,10,1
2227,-16,8
2228,26,3
2229,18,9
2230,28,8
2231,43,2
2232,-25,2
2233,33,6
2234,-8,9
2235,11,3
2236,38,2
2237,9,3
2238,0,6
2239,-17,4
2240,39,2
2241,14,5
2242,-19,8
2243,8,5
2244,-9,5
2245,47,6
2246,4,9
2247,57,1
2248,48,2
2249,-18,8
2250,9,8
2251,-10,5
2252,27,5
2253,36,6
2254,41,8
2255,-17,4
2256,32,4
2257,-21,1
2258,41,1
2259,25,7
2260,-27,5
2261,24,5
2262,-22,1
2263,30,2
2264,34,3
2265,30,5
2266,25,2
2267,56,7
2268,46,6
2269,22,8
2270,13,1
2271,25,8
2272,8,3
2273,-8,8
2274,-10,6
2275,46,3
2276,-18,2
2277,28,5
2278,-5,1
2279,57,3
2280,58,4
2281,16,6
2282,-27,8
2283,54,8
2284,40,6
2285,39,4
2286,39,8
2287,12,1
2288,8,4
2289,0,2
2290,42,9
2291,-29,5
2292,54,6
2293,-24,3
2294,-30,8
2295,-24,4
2296,-22,8
2297,58,4
2298,17,3
2299,24,3
2300,46,3
2301,29,3
2302,39,5
2303,47,8
2304,27,4
2305,18,9
2306,-1,6
2307,-9,4
2308,-27,4
2309,35,4
2310,-1,4
2311,-7,2
2312,49,6
2313,-6,1
2314,34,3
2315,45,5
2316,-15,6
2317,24,8
2318,-4,4
2319,37,4
2320,29,1
2321,27,8
2322,26,2
2323,17,6
2324,10,9
2325,37,6
2326,3,1
2327,3,5
2328,-29,8
2329,-30,1
2330,56,1
2331,6,2
2332,52,9
2333,28,5
2334,12,4
2335,28,4
2336,45,5
2337,34,1
2338,-18,4
2339,-30,3
2340,14,6
2341,43,7
2342,-17,1
2343,9,1
2344,-9,2
2345,15,5
2346,53,9
2347,16,4
2348,28,4
2349,-19,9
2350,26,1
2351,49,3
2352,34,7
2353,-13,6
2354,37,5
2355,39,7
2356,27,2
2357,20,2
2358,31,7
2359,31,8
2360,4,2
2361,45,1
2362,-4,5
2363,25,1
2364,-2,9
2365,12,5
2366,-14,8
2367,6,4
2368,9,1
2369,26,9
2370,-25,4
2371,28,3
2372,28,2
2373,40,1
2374,12,9
2375,53,1
2376,43,4
2377,-16,2
2378,-16,8
2379,56,5
2380,-21,3
2381,37,4
2382,2,3
2383,45,2
2384,-22,6
2385,-4,6
2386,31,3
2387,-20,5
2388,-16,9
2389,40,1
2390,59,7
2391,-23,1
2392,38,6
2393,35,5
2394,-29,4
2395,43,3
2396,-14,4
2397,46,1
2398,-22,5
2399,49,9
2400,40,6
2401,45,4
2402,-27,5
2403,0,1
2404,-28,4
2405,10,4
2406,-24,9
2407,35,5
2408,44,3
2409,19,8
2410,29,7
2411,40,8
2412,16,4
2413,26,7
2414,53,4
2415,-9,9
2416,-9,5
2417,58,5
2418,-13,4
2419,43,5
2420,31,1
2421,-19,1
2422,-2,9
2423,-28,2
2424,22,8
2425,-5,2
2426,50,9
2427,53,2
2428,21,1
2429,53,8
2430,47,3
2431,10,7
2432,-18,5
2433,9,7
2434,20,8
2435,-29,3
2436,5,5
2437,-17,5
2438,-5,7
2439,35,2
2440,-20,8
2441,42,7
2442,19,7
2443,40,5
2444,4,8
2445,50,1
2446,59,7
2447,-2,9
2448,7,8
2449,2,4
2450,44,8
2451,-25,8
2452,-13,1
2453,0,1
2454,48,9
2455,46,1
2456,-26,3
2457,53,3
2458,9,4
2459,16,3
2460,32,3
2461,51,5
2462,12,5
2463,-29,8
2464,45,7
2465,-11,9
2466,-7,5
2467,42,4
2468,4,4
2469,24,2
2470,21,9
2471,14,7
2472,16,2
2473,20,8
2474,-2,2
2475,37,2
2476,19,4
2477,-17,7
2478,-3,9
2479,27,5
2480,2,3
2481,41,6
2482,20,9
2483,-30,2
2484,37,7
2485,-2,4
2486,4,6
2487,-13,4
2488,13,2
2489,24,5
2490,5,3
2491,-12,3
2492,18,3
2493,-10,2
2494,22,4
2495,49,7
2496,39,2
2497,59,4
2498,-30,5
2499,51,3
2500,-30,5
2501,-4,5
2502,-12,2
2503,59,1
2504,21,2
2505,48,5
2506,39,8
2507,32,1
2508,50,6
2509,36,3
2510,53,5
2511,-29,1
2512,6,5
2513,22,2
2514,42,9
2515,56,3
2516,8,5
2517,0,5
2518,-12,3
2519,11,5
2520,20,5
2521,37,8
2522,3,8
2523,23,6
2524,27,2
2525,-16,9
2526,-2,6
2527,26,7
2528,-25,7
2529,15,5
2530,40,4
2531,-4,7
2532,58,6
2533,-30,7
2534,42,4
2535,-9,2
2536,-9,9
2537,22,7
2538,35,4
2539,39,2
2540,34,8
2541,24,8
2542,50,8
2543,13,3
2544,6,4
2545,7,2
2546,37,7
2547,-26,7
2548,-8,1
2549,29,9
2550,11,9
2551,50,5
2552,-7,7
2553,11,8
2554,17,3
2555,-25,7
2556,36,5
2557,-15,4
2558,-2,2
2559,43,7
2560,27,7
2561,-28,8
2562,-9,4
2563,34,2
2564,0,3
2565,-26,1
2566,7,6
2567,-11,8
2568,34,8
2569,56,4
2570,33,4
2571,37,1
2572,-1,6
2573,37,4
2574,-24,9
2575,30,2
2576,21,8
2577,0,7
2578,-14,8
2579,47,2
2580,-12,9
2581,-24,4
2582,-8,1
2583,35,6
2584,23,4
2585,45,2
2586,12,1
2587,-20,6
2588,-2,8
2589,4,3
2590,30,8
2591,-3,9
2592,27,2
2593,-24,4
2594,-14,6
2595,35,7
2596,-9,4
2597,-3,4
2598,26,7
2599,-29,7
2600,53,7
2601,30,5
2602,44,4
2603,14,6
2604,-10,7
2605,51,9
2606,25,5
2607,29,6
2608,36,5
2609,5,5
2610,10,3
2611,-12,1
2612,17,2
2613,-24,7
2614,44,4
2615,-20,3
2616,50,4
2617,30,8
2618,-27,7
2619,25,8
2620,-25,1
2621,31,1
2622,-1,4
2623,28,9
2624,12,6
2625,30,2
2626,25,4
2627,27,4
2628,28,9
2629,46,5
2630,34,6
2631,29,3
2632,22,9
2633,-20,4
2634,49,9
2635,18,4
2636,11,2
2637,58,6
2638,31,8
2639,35,5
2640,-11,2
2641,-14,1
2642,58,5
2643,13,4
2644,-15,9
2645,27,4
2646,-10,7
2647,22,6
2648,51,2
2649,-21,4
2650,-25,3
2651,-14,6
2652,-19,7
2653,11,5
2654,29,6
2655,2,4
2656,5,7
2657,-8,4
2658,-28,3
2659,42,9
2660,36,3
2661,31,7
2662,15,5
2663,-22,3
2664,52,5
2665,-9,8
2666,47,2
2667,19,5
2668,23,1
2669,22,7
2670,56,8
2671,2,8
2672,10,7
2673,-10,9
2674,-5,1
2675,-21,5
2676,33,1
2677,-8,7
2678,36,2
2679,-21,2
2680,-30,8
2681,-3,8
2682,46,1
2683,8,9
2684,47,2
2685,27,9
2686,7,3
2687,34,1
2688,-29,3
2689,39,9
2690,-13,2
2691,21,3
2692,23,9
2693,-13,6
2694,-9,2
2695,16,5
2696,45,1
2697,44,5
2698,42,9
2699,-3,1
2700,11,4
2701,8,9
2702,-12,2
2703,-11,8
2704,37,5
2705,-4,9
2706,34,1
2707,15,7
2708,33,4
2709,33,4
2710,26,3
2711,19,8
2712,-30,7
2713,-28,2
2714,-27,2
2715,-4,8
2716,6,5
2717,-8,5
2718,-4,5
2719,58,9
2720,51,7
2721,-29,5
2722,-21,8
2723,13,9
2724,59,3
2725,-4,1
2726,6,3
2727,44,9
2728,18,9
2729,-2,3
2730,46,2
2731,-23,2
2732,57,9
2733,29,3
2734,34,9
2735,46,4
2736,23,2
2737,-6,9
2738,-24,3
2739,-9,2
2740,-16,1
2741,-28,7
2742,24,8
2743,-23,3
2744,17,7
2745,34,1
2746,45,9
2747,52,6
2748,51,3
2749,21,6
2750,46,1
2751,7,5
2752,-9,9
2753,26,4
2754,-18,4
2755,5,3
2756,23,3
2757,16,2
2758,16,4
2759,39,9
2760,41,4
2761,57,5
2762,49,4
2763,52,8
2764,7,9
2765,17,6
2766,36,5
2767,-9,4
2768,-9,9
2769,31,4
2770,56,2
2771,-30,9
2772,55,9
2773,32,6
2774,49,1
2775,11,2
2776,36,7
2777,-29,1
2778,30,6
2779,30,9
2780,-21,6
2781,5,7
2782,26,4
2783,-15,1
2784,-18,1
2785,3,8
2786,-9,5
2787,-12,7
2788,-13,9
2789,17,3
2790,-21,6
2791,52,6
2792,-4,6
2793,-17,1
2794,-19,9
2795,45,9
2796,55,8
2797,-22,9
2798,4,3
2799,-17,5
2800,-7,9
2801,36,4
2802,59,8
2803,15,7
2804,-5,3
2805,15,1
2806,40,1
2807,-2,4
2808,-26,7
2809,-1,2
2810,-19,6
2811,58,6
2812,30,6
2813,-17,3
2814,0,7
2815,12,2
2816,45,2
2817,31,1
2818,21,6
2819,36,8
2820,58,4
2821,14,4
2822,-8,7
2823,-26,8
2824,27,2
2825,9,5
2826,-19,3
2827,-14,8
2828,-16,1
2829,12,7
2830,36,6
2831,44,2
2832,-17,6
2833,28,8
2834,50,1
2835,4,8
2836,-1,1
2837,38,9
2838,-18,1
2839,-10,8
2840,59,8
2841,7,9
2842,25,4
2843,39,3
2844,37,4
2845,51,8
2846,-7,4
2847,42,9
2848,-4,3
2849,-23,5
2850,59,8
2851,46,8
2852,33,1
2853,26,7
2854,-26,5
2855,-12,4
2856,21,1
2857,47,4
2858,14,3
2859,6,1
2860,-16,9
2861,27,7
2862,-4,7
2863,50,2
2864,-23,7
2865,17,4
2866,-5,4
2867,47,9
2868,-22,4
2869,45,3
2870,-16,5
2871,55,6
2872,-19,8
2873,58,4
2874,2,9
2875,-27,3
2876,-26,5
2877,-15,3
2878,22,6
2879,14,3
2880,37,7
2881,-12,3
2882,-18,5
2883,-28,7
2884,-26,8
2885,-16,9
2886,2,6
2887,53,6
2888,10,1
2889,3,6
2890,-14,5
2891,10,9
2892,27,4
2893,-24,4
2894,13,2
2895,6,7
2896,13,6
2897,6,7
2898,-16,9
2899,-28,2
2900,35,8
2901,29,8
2902,32,9
2903,53,6
2904,-14,2
2905,50,5
2906,43,2
2907,56,4
2908,-1,5
2909,6,8
2910,13,9
2911,35,5
2912,10,6
2913,29,1
2914,39,1
2915,-18,1
2916,25,2
2917,-7,8
2918,-28,5
2919,33,3
2920,-2,5
2921,-15,8
2922,57,7
2923,-27,2
2924,40,9
2925,23,4
2926,-11,6
2927,48,2
2928,42,5
2929,26,6
2930,36,2
2931,25,1
2932,58,3
2933,33,2
2934,36,6
2935,-16,3
2936,44,2
2937,57,7
2938,39,1
2939,-10,9
2940,47,1
2941,-4,5
2942,46,7
2943,56,5
2944,35,3
2945,46,2
2946,-15,2
2947,-30,9
2948,35,6
2949,35,4
2950,-27,7
2951,35,2
2952,-27,4
2953,46,1
2954,14,4
2955,-30,7
2956,26,9
2957,36,5
2958,-16,6
2959,36,7
2960,-17,9
2961,-21,8
2962,56,9
2963,12,5
2964,-23,9
2965,-30,8
2966,14,2
2967,44,1
2968,42,4
2969,12,2
2970,-20,3
2971,10,7
2972,34,5
2973,9,3
2974,21,2
2975,36,9
2976,56,7
2977,52,9
2978,14,4
2979,-22,3
2980,39,3
2981,49,3
2982,14,1
2983,52,8
2984,-12,7
2985,-28,4
2986,13,2
2987,-18,7
2988,-5,8
2989,-11,1
2990,33,8
2991,-8,2
2992,52,6
2993,0,8
2994,39,8
2995,20,9
2996,-25,2
2997,-14,2
2998,34,5
2999,13,3
3000,30,8
3001,-15,8
3002,37,8
3003,36,8
3004,-24,8
3005,29,5
3006,-8,7
3007,37,1
3008,-11,1
3009,46,8
3010,41,5
3011,5,4
3012,37,7
3013,-5,8
3014,4,7
3015,22,9
3016,-11,9
3017,-21,9
3018,39,9
3019,-28,9
3020,53,1
3021,15,5
3022,36,1
3023,49,6
3024,-27,7
3025,9,5
3026,8,2
3027,-14,9
3028,-2,8
3029,-27,1
3030,43,8
3031,42,1
3032,44,5
3033,34,7
3034,-14,6
3035,33,2
3036,16,3
3037,-13,6
3038,40,3
3039,-5,1
3040,-7,2
3041,2,9
3042,59,3
3043,-2,3
3044,57,5
3045,15,1
3046,45,1
3047,-5,1
3048,10,4
3049,-6,9
3050,-16,5
3051,3,8
3052,20,3
3053,41,4
3054,-4,5
3055,-27,2
3056,45,3
3057,54,1
3058,-11,7
3059,17,6
3060,22,2
3061,32,9
3062,-14,3
3063,48,3
3064,1,1
3065,35,7
3066,54,1
3067,19,8
3068,-18,2
3069,-4,3
3070,-5,9
3071,22,8
3072,3,6
3073,51,7
3074,43,1
3075,52,1
3076,26,2
3077,-19,6
3078,57,7
3079,34,2
3080,-22,3
3081,14,2
3082,51,2
3083,13,1
3084,17,1
3085,-12,8
3086,55,2
3087,51,8
3088,23,9
3089,45,8
3090,42,4
3091,5,9
3092,-16,1
3093,-22,3
3094,-22,3
3095,15,6
3096,0,6
3097,24,7
3098,39,7
3099,27,9
3100,-16,6
3101,9,2
3102,-21,5
3103,-30,1
3104,41,3
3105,-7,4
3106,54,5
3107,33,8
3108,17,4
3109,19,8
3110,-28,8
3111,39,7
3112,33,9
3113,-6,9
3114,25,7
3115,10,6
3116,28,3
3117,2,1
3118,44,2
3119,-19,5
3120,-30,9
3121,37,9
3122,38,7
3123,28,6
3124,44,7
3125,-1,6
3126,2,5
3127,9,6
3128,54,1
3129,-9,5
3130,-6,1
3131,-27,5
3132,-19,2
3133,-27,5
3134,-8,4
3135,39,4
3136,27,6
3137,4,8
3138,27,6
3139,-25,1
3140,-24,9
3141,-10,4
3142,-16,7
3143,35,1
3144,56,9
3145,36,3
3146,-19,3
3147,18,8
3148,48,2
3149,31,9
3150,2,3
3151,30,2
3152,-18,5
3153,-18,9
3154,28,9
3155,-3,8
3156,46,8
3157,-7,7
3158,-1,3
3159,-27,3
3160,-18,5
3161,45,9
3162,-30,1
3163,13,3
3164,18,9
3165,50,7
3166,-7,2
3167,3,2
3168,8,1
3169,11,3
3170,-24,4
3171,-8,1
3172,-10,1
3173,12,3
3174,29,5
3175,-7,8
3176,36,5
3177,-3,7
3178,35,9
3179,-27,1
3180,50,5
3181,53,2
3182,5,1
3183,26,7
3184,59,7
3185,26,1
3186,55,7
3187,-12,6
3188,0,6
3189,11,1
3190,29,7
3191,58,1
3192,-1,5
3193,17,1
3194,42,1
3195,-1,8
3196,10,5
3197,1,5
3198,28,3
3199,17,2
3200,48,4
3201,34,1
3202,-10,7
3203,5,8
3204,36,2
3205,48,1
3206,57,7
3207,-15,6
3208,27,5
3209,-24,6
3210,49,6
3211,-3,9
3212,19,4
3213,-19,1
3214,-6,4
3215,-1,8
3216,41,4
3217,-20,5
3218,29,3
3219,11,6
3220,24,9
3221,5,5
3222,18,2
3223,15,3
3224,39,3
3225,4,4
3226,-17,3
3227,6,1
3228,9,9
3229,21,7
3230,10,4
3231,-26,9
3232,-10,2
3233,24,9
3234,18,9
3235,30,2
3236,-25,7
3237,20,4
3238,30,5
3239,31,5
3240,-7,9
3241,21,6
3242,-15,1
3243,-24,5
3244,11,1
3245,59,7
3246,-10,3
3247,17,2
3248,29,7
3249,51,9
3250,-14,5
3251,-10,4
3252,21,5
3253,-25,7
3254,-12,4
3255,35,9
3256,-12,6
3257,-9,3
3258,49,2
3259,-6,4
3260,13,9
3261,-20,2
3262,45,3
3263,-3,3
3264,35,5
3265,7,5
3266,45,7
3267,-6,1
3268,-29,2
3269,2,5
3270,-18,5
3271,25,7
3272,21,7
3273,14,3
3274,19,4
3275,28,2
3276,33,2
3277,57,3
3278,53,7
3279,53,6
3280,16,1
3281,-19,9
3282,14,1
3283,6,7
3284,-23,8
3285,0,6
3286,-2,1
3287,-13,2
3288,25,7
3289,-11,5
3290,41,9
3291,15,8
3292,57,4
3293,-30,5
3294,27,3
3295,36,2
3296,44,5
3297,11,4
3298,12,7
3299,-28,1
3300,-10,6
3301,38,9
3302,34,6
3303,47,9
3304,37,2
3305,-12,8
3306,16,9
3307,-11,3
3308,-24,6
3309,29,5
3310,17,6
3311,-22,9
3312,3,3
3313,11,8
3314,-18,7
3315,37,9
3316,5,4
3317,-12,3
3318,50,9
3319,29,3
3320,58,3
3321,-17,1
3322,-26,4
3323,-24,7
3324,47,8
3325,45,2
3326,21,7
3327,-27,9
3328,21,4
3329,25,9
3330,-25,4
3331,34,1
3332,53,6
3333,59,4
3334,56,5
3335,45,8
3336,-18,2
3337,28,9
3338,26,3
3339,51,3
3340,15,6
3341,22,5
3342,-3,6
3343,38,5
3344,8,8
3345,-11,9
3346,-11,2
3347,19,9
3348,-17,8
3349,-16,1
3350,5,8
3351,-1,7
3352,-13,1
3353,-5,3
3354,52,6
3355,33,1
3356,37,5
3357,24,6
3358,36,2
3359,13,7
3360,28,7
3361,-19,6
3362,5,6
3363,-29,6
3364,11,9
3365,3,9
3366,0,2
3367,38,9
3368,-11,2
3369,7,3
3370,44,9
3371,58,3
3372,-27,4
3373,54,5
3374,31,1
3375,-30,2
3376,11,6
3377,20,2
3378,6,2
3379,12,4
3380,31,7
3381,20,1
3382,22,6
3383,-30,2
3384,33,6
3385,-15,4
3386,-29,7
3387,-29,9
3388,27,1
3389,-14,6
3390,55,3
3391,49,7
3392,46,6
3393,-24,2
3394,31,5
3395,-14,7
3396,-10,4
3397,48,4
3398,33,2
3399,12,8
3400,56,3
3401,22,8
3402,10,8
3403,-5,1
3404,44,8
3405,-5,2
3406,39,6
3407,36,1
3408,58,4
3409,48,7
3410,28,7
3411,-10,6
3412,11,5
3413,39,4
3414,-8,7
3415,26,5
3416,22,7
3417,45,1
3418,-4,7
3419,31,2
3420,48,1
3421,41,9
3422,-6,4
3423,12,4
3424,17,4
3425,30,2
3426,-12,3
3427,4,3
3428,-10,1
3429,-13,8
3430,9,8
3431,43,3
3432,22,7
3433,-26,8
3434,-9,5
3435,25,3
3436,-17,5
3437,9,1
3438,-30,5
3439,46,7
3440,-4,1
3441,18,8
3442,27,7
3443,50,5
3444,41,1
3445,-5,9
3446,-11,8
3447,52,5
3448,-17,9
3449,-6,3
3450,5,6
3451,-3,6
3452,-23,9
3453,18,8
3454,-25,5
3455,58,8
3456,-30,3
3457,-26,8
3458,42,3
3459,-23,7
3460,57,3
3461,58,7
3462,10,1
3463,41,9
3464,54,3
3465,-12,1
3466,-28,9
3467,8,9
3468,-15,7
3469,34,6
3470,43,2
3471,39,7
3472,38,5
3473,-14,7
3474,-10,6
3475,31,7
3476,0,7
3477,-28,4
3478,7,8
3479,29,1
3480,34,1
3481,45,2
3482,-15,8
3483,58,8
3484,51,7
3485,-23,4
3486,39,2
3487,20,2
3488,19,6
3489,42,9
3490,-13,5
3491,53,7
3492,51,3
3493,-2,6
3494,44,9
3495,51,4
3496,2,4
3497,-28,4
3498,-26,3
3499,49,9
3500,28,5
3501,-27,4
3502,-13,3
3503,-4,5
3504,-13,5
3505,35,6
3506,-25,5
3507,52,8
3508,-20,2
3509,7,5
3510,34,2
3511,28,3
3512,23,5
3513,-10,4
3514,-23,7
3515,36,9
3516,-16,1
3517,50,6
3518,30,5
3519,20,2
3520,10,4
3521,47,2
3522,-14,9
3523,8,7
3524,-11,4
3525,8,5
3526,39,5
3527,39,6
3528,46,1
3529,4,7
3530,-4,3
3531,1,8
3532,-28,1
3533,1,5
3534,40,9
3535,3,1
3536,-10,1
3537,-2,8
3538,-27,5
3539,37,5
3540,-30,6
3541,0,7
3542,14,9
3543,50,2
3544,40,6
3545,21,9
3546,13,1
3547,19,6
3548,5,7
3549,-10,5
3550,-8,3
3551,46,7
3552,3,1
3553,38,7
3554,0,1
3555,-19,6
3556,-3,1
3557,17,7
3558,-3,4
3559,-24,5
3560,3,1
3561,55,8
3562,20,4
3563,57,5
3564,47,1
3565,49,1
3566,-20,7
3567,7,6
3568,11,6
3569,-24,7
3570,15,5
3571,14,4
3572,-28,9
3573,48,9
3574,26,3
3575,-1,1
3576,21,4
3577,50,4
3578,23,1
3579,17,9
3580,53,2
3581,2,7
3582,-11,7
3583,-26,8
3584,51,1
3585,52,3
3586,-14,6
3587,56,1
3588,-29,7
3589,-7,6
3590,20,1
3591,17,9
3592,13,1
3593,-30,5
3594,21,1
3595,-9,4
3596,-17,5
3597,46,1
3598,45,1
3599,40,7
3600,35,6
3601,36,2
3602,9,6
3603,5,4
3604,46,9
3605,27,6
3606,8,7
3607,6,5
3608,-17,8
3609,33,6
3610,-5,8
3611,9,1
3612,-24,3
3613,-23,7
3614,48,8
3615,-26,4
3616,12,6
3617,5,4
3618,28,2
3619,-28,2
3620,31,1
3621,-9,1
3622,-9,5
3623,7,2
3624,19,5
3625,56,8
3626,22,8
3627,54,4
3628,-27,4
3629,48,3
3630,-10,6
3631,-11,8
3632,53,6
3633,-6,9
3634,14,4
3635,33,2
3636,30,3
3637,22,8
3638,37,5
3639,25,6
3640,27,3
3641,42,1
3642,6,8
3643,-26,5
3644,-13,3
3645,2,3
3646,-18,4
3647,2,2
3648,9,6
3649,35,9
3650,-19,2
3651,16,4
3652,17,9
3653,-8,3
3654,9,8
3655,-26,6
3656,5,2
3657,0,8
3658,-8,3
3659,-15,1
3660,41,1
3661,-22,6
3662,23,6
3663,35,9
3664,-13,9
3665,16,5
3666,52,1
3667,6,4
3668,9,4
3669,41,6
3670,50,1
3671,38,3
3672,41,1
3673,43,3
3674,-28,4
3675,36,8
3676,7,7
3677,-4,4
3678,-15,6
3679,-16,9
3680,41,3
3681,18,8
3682,-3,7
3683,48,3
3684,29,3
3685,-7,3
3686,38,1
3687,39,8
3688,29,6
3689,24,3
3690,-26,1
3691,-6,9
3692,9,1
3693,-24,2
3694,0,3
3695,30,7
3696,-28,1
3697,21,2
3698,51,2
3699,33,1
3700,34,1
3701,25,7
3702,-2,9
3703,28,8
3704,9,9
3705,2,9
3706,57,4
3707,4,1
3708,40,1
3709,37,3
3710,4,3
3711,3,3
3712,43,1
3713,43,5
3714,-11,2
3715,13,2
3716,50,5
3717,10,8
3718,46,3
3719,-24,1
3720,-9,1
3721,-20,3
3722,-18,7
3723,-8,8
3724,43,6
3725,-3,7
3726,-14,1
3727,16,5
3728,-9,7
3729,18,4
3730,9,4
3731,53,9
3732,-25,3
3733,51,2
3734,-5,8
3735,16,7
3736,35,5
3737,14,3
3738,0,3
3739,19,2
3740,-18,5
3741,7,8
3742,-6,1
3743,-2,1
3744,4,9
3745,-3,1
3746,52,6
3747,-12,3
3748,-24,9
3749,18,6
3750,52,8
3751,41,9
3752,-17,6
3753,-23,4
3754,35,7
3755,33,4
3756,-7,2
3757,-16,3
3758,41,3
3759,-28,9
3760,-20,3
3761,40,5
3762,8,7
3763,-26,6
3764,-10,7
3765,-9,1
3766,7,6
3767,-24,5
3768,59,2
3769,22,7
3770,22,4
3771,12,8
3772,20,7
3773,-27,3
3774,-13,9
3775,-29,5
3776,27,3
3777,2,4
3778,34,8
3779,32,1
3780,58,6
3781,59,8
3782,0,7
3783,49,8
3784,37,1
3785,-18,3
3786,-4,5
3787,26,2
3788,-17,5
3789,21,8
3790,32,3
3791,49,5
3792,42,1
3793,-22,6
3794,8,9
3795,-24,1
3796,26,1
3797,24,7
3798,-24,8
3799,52,2
3800,49,3
3801,-15,8
3802,16,6
3803,32,6
3804,48,6
3805,2,5
3806,-10,4
3807,8,3
3808,-2,8
3809,-15,3
3810,14,8
3811,56,1
3812,40,9
3813,1,2
3814,12,2
3815,-1,2
3816,-21,5
3817,-16,2
3818,-18,3
3819,27,5
3820,55,9
3821,-8,9
3822,22,7
3823,3,8
3824,39,1
3825,14,2
3826,1,2
3827,22,7
3828,45,5
3829,0,5
3830,13,6
3831,48,6
3832,45,3
3833,34,5
3834,-6,3
3835,-21,3
3836,2,4
3837,26,5
3838,11,8
3839,21,6
3840,32,7
3841,-16,1
3842,-23,1
3843,7,4
3844,-3,8
3845,41,2
3846,57,9
3847,-29,5
3848,-28,8
3849,-6,4
3850,3,6
3851,5,1
3852,50,6
3853,21,7
3854,-12,3
3855,31,5
3856,21,8
3857,52,9
3858,-1,6
3859,-20,2
3860,-22,5
3861,-11,9
3862,-27,3
3863,38,6
3864,22,6
3865,46,2
3866,37,3
3867,-21,9
3868,35,9
3869,24,9
3870,-21,2
3871,16,3
3872,35,9
3873,49,8
3874,40,4
3875,42,7
3876,-7,5
3877,42,2
3878,15,7
3879,-23,8
3880,-19,4
3881,-29,8
3882,-22,7
3883,40,3
3884,-2,3
3885,53,3
3886,-8,3
3887,58,7
3888,48,5
3889,2,4
3890,-15,8
3891,-22,9
3892,43,3
3893,5,6
3894,24,4
3895,1,5
3896,16,7
3897,-17,4
3898,4,8
3899,-17,3
3900,-30,7
3901,20,3
3902,57,2
3903,45,8
3904,17,2
3905,27,9
3906,10,5
3907,42,4
3908,-18,9
3909,26,8
3910,-5,2
3911,-16,5
3912,49,1
3913,-21,2
3914,-14,5
3915,-21,3
3916,16,1
3917,-21,7
3918,30,7
3919,4,3
3920,-23,7
3921,-21,5
3922,40,8
3923,34,2
3924,38,7
3925,50,3
3926,17,4
3927,-11,1
3928,37,7
3929,15,8
3930,5,2
3931,-30,5
3932,19,5
3933,29,8
3934,-2,3
3935,-11,2
3936,-2,2
3937,-15,1
3938,49,7
3939,9,6
3940,57,3
3941,-14,9
3942,42,5
3943,-11,9
3944,15,1
3945,-7,3
3946,11,8
3947,54,3
3948,50,8
3949,19,1
3950,0,4
3951,-17,9
3952,6,7
3953,-18,5
3954,54,1
3955,12,9
3956,-25,6
3957,48,6
3958,-17,9
3959,1,8
3960,32,9
3961,-22,2
3962,15,3
3963,43,5
3964,52,5
3965,36,6
3966,1,2
3967,-30,8
3968,-15,1
3969,1,7
3970,35,6
3971,52,9
3972,16,7
3973,48,8
3974,-26,2
3975,-17,4
3976,38,9
3977,-20,7
3978,-4,2
3979,8,1
3980,-24,3
3981,-29,6
3982,18,5
3983,11,1
3984,-8,3
3985,-10,5
3986,56,9
3987,-30,5
3988,-2,1
3989,20,9
3990,4,3
3991,4,8
3992,6,1
3993,16,9
3994,-13,3
3995,-25,7
3996,43,7
3997,-3,6
3998,27,2
3999,45,1
4000,37,3
4001,-6,7
4002,40,8
4003,7,5
4004,53,3
4005,24,3
4006,13,3
4007,-8,4
4008,28,7
4009,41,7
4010,50,9
4011,-2,1
4012,17,5
4013,23,7
4014,-5,4
4015,-21,4
4016,44,4
4017,48,5
4018,51,2
4019,37,1
4020,38,6
4021,39,2
4022,-21,7
4023,-12,8
4024,45,3
4025,28,9
4026,-7,7
4027,49,5
4028,42,4
4029,46,7
4030,-13,6
4031,1,6
4032,-12,2
4033,7,4
4034,-10,8
4035,25,7
4036,54,3
4037,26,4
4038,18,3
4039,-25,9
4040,24,7
4041,-29,8
4042,-25,5
4043,50,5
4044,-1,1
4045,24,9
4046,-20,9
4047,-6,4
4048,4,1
4049,42,3
4050,58,5
4051,-23,6
4052,36,9
4053,59,8
4054,55,8
4055,-7,1
4056,-10,7
4057,-15,7
4058,15,4
4059,5,8
4060,-21,7
4061,35,1
4062,-14,5
4063,44,7
4064,42,7
4065,26,4
4066,-21,1
4067,44,9
4068,48,5
4069,35,8
4070,-14,1
4071,44,4
4072,1,2
4073,38,8
4074,-13,5
4075,15,3
4076,15,6
4077,-29,8
4078,-4,8
4079,-23,8
4080,-3,7
4081,25,9
4082,18,1
4083,38,2
4084,-4,4
4085,58,2
4086,-4,1
4087,-19,8
4088,-27,6
4089,21,4
4090,26,4
4091,3,8
4092,19,8
4093,-7,7
4094,5,3
4095,22,8
4096,-14,4
4097,1,9
4098,23,7
4099,29,4
4100,24,5
4101,31,5
4102,28,1
4103,45,7
4104,-25,4
4105,1,3
4106,-29,5
4107,-15,1
4108,24,2
4109,37,2
4110,-3,9
4111,49,3
4112,-8,1
4113,16,7
4114,-21,2
4115,30,8
4116,51,4
4117,22,6
4118,37,1
4119,54,7
4120,28,8
4121,59,9
4122,-15,5
4123,5,1
4124,-12,3
4125,-10,9
4126,8,6
4127,6,5
4128,26,9
4129,-10,9
4130,54,3
4131,-18,5
4132,-30,9
4133,4,9
4134,19,7
4135,22,1
4136,-22,9
4137,55,6
4138,26,8
4139,-25,3
4140,17,7
4141,28,1
4142,56,1
4143,36,8
4144,53,2
4145,-9,1
4146,-10,8
4147,-16,9
4148,18,2
4149,48,3
4150,19,5
4151,16,2
4152,48,6
4153,38,2
4154,10,4
4155,53,8
4156,-9,1
4157,46,4
4158,31,3
4159,47,1
4160,-21,4
4161,43,1
4162,-12,7
4163,57,9
4164,12,5
4165,34,4
4166,-4,1
4167,-23,1
4168,23,7
4169,50,9
4170,-3,3
4171,13,1
4172,-7,5
4173,34,3
4174,-23,1
4175,-29,1
4176,-13,6
4177,48,7
4178,30,9
4179,11,5
4180,9,1
4181,-27,1
4182,33,9
4183,8,9
4184,48,2
4185,59,2
4186,46,9
4187,-21,5
4188,3,7
4189,-4,5
4190,14,8
4191,57,8
4192,-21,7
4193,46,1
4194,52,1
4195,6,8
4196,-28,7
4197,-16,5
4198,31,2
4199,-22,2
4200,36,9
4201,-27,7
4202,-2,6
4203,-2,5
4204,0,9
4205,29,3
4206,-9,8
4207,51,6
4208,35,9
4209,13,9
4210,4,5
4211,-19,7
4212,-9,6
4213,59,2
4214,58,8
4215,1,8
4216,-22,9
4217,33,1
4218,28,6
4219,43,4
4220,33,6
4221,17,3
4222,22,9
4223,1,6
4224,23,6
4225,10,3
4226,36,5
4227,24,9
4228,4,8
4229,27,3
4230,38,1
4231,-30,6
4232,-22,7
4233,18,9
4234,37,8
4235,15,1
4236,53,4
4237,57,4
4238,6,1
4239,46,6
4240,46,1
4241,-12,2
4242,50,2
4243,-11,5
4244,8,9
4245,-16,5
4246,41,1
4247,-10,4
4248,23,5
4249,-21,4
4250,18,3
4251,-30,9
4252,1,1
4253,57,6
4254,-17,6
4255,-3,6
4256,9,5
4257,21,3
4258,-4,9
4259,-16,6
4260,30,3
4261,58,5
4262,31,1
4263,-30,9
4264,-27,8
4265,8,8
4266,-4,7
4267,0,6
4268,20,2
4269,53,7
4270,11,3
4271,32,5
4272,57,4
4273,50,1
4274,-1,7
4275,-24,1
4276,23,4
4277,28,8
4278,37,9
4279,41,9
4280,35,8
4281,-2,5
4282,28,6
4283,3,2
4284,22,9
4285,50,2
4286,9,1
4287,27,5
4288,53,8
4289,-2,3
4290,39,6
4291,53,9
4292,39,8
4293,18,6
4294,-25,2
4295,-24,4
4296,5,7
4297,39,9
4298,-30,2
4299,-9,7
4300,50,8
4301,11,7
4302,53,5
4303,1,5
4304,1,9
4305,-25,1
4306,-25,7
4307,41,2
4308,-20,5
4309,-2,6
4310,2,4
4311,-30,4
4312,41,5
4313,46,4
4314,6,3
4315,6,9
4316,-5,1
4317,10,6
4318,59,1
4319,11,5
4320,29,3
4321,57,5
4322,-28,8
4323,-18,8
4324,-20,9
4325,26,4
4326,38,2
4327,34,8
4328,1,8
4329,-18,9
4330,-14,7
4331,35,2
4332,-10,8
4333,54,7
4334,39,6
4335,23,6
4336,-16,9
4337,-16,5
4338,-22,8
4339,45,9
4340,40,6
4341,57,6
4342,-10,1
4343,-22,9
4344,35,9
4345,40,4
4346,-29,3
4347,25,3
4348,-19,2
4349,25,8
4350,48,2
4351,20,7
4352,39,5
4353,28,6
4354,40,8
4355,-20,5
4356,-28,4
4357,3,4
4358,54,8
4359,-12,4
4360,-24,1
4361,-20,5
4362,32,1
4363,36,1
4364,25,2
4365,12,8
4366,25,8
4367,14,8
4368,29,2
4369,2,3
4370,-3,3
4371,26,4
4372,21,2
4373,-27,1
4374,-14,7
4375,4,8
4376,11,9
4377,29,4
4378,-5,1
4379,17,5
4380,33,5
4381,-14,2
4382,41,5
4383,42,5
4384,-24,9
4385,34,4
4386,21,1
4387,10,7
4388,-15,5
4389,35,9
4390,41,3
4391,55,4
4392,25,2
4393,-4,6
4394,-13,3
4395,32,6
4396,49,2
4397,-5,7
4398,-9,9
4399,27,8
4400,-30,2
4401,15,2
4402,55,1
4403,-4,6
4404,13,5
4405,2,2
4406,52,3
4407,2,9
4408,23,8
4409,-6,8
4410,-25,2
4411,17,4
4412,29,9
4413,31,8
4414,-16,4
4415,45,7
4416,28,8
4417,7,8
4418,-16,7
4419,0,6
4420,34,2
4421,-11,8
4422,-2,2
4423,44,3
4424,42,3
4425,-15,2
4426,49,9
4427,2,7
4428,24,9
4429,-12,2
4430,58,7
4431,19,6
4432,3,3
4433,33,3
4434,-7,8
4435,1,8
4436,-28,2
4437,-18,1
4438,56,2
4439,-19,5
4440,31,8
4441,14,4
4442,-7,6
4443,-7,4
4444,50,8
4445,-16,4
4446,19,3
4447,57,1
4448,57,4
4449,36,8
4450,14,5
4451,34,7
4452,-11,6
4453,-10,7
4454,-19,7
4455,54,8
4456,52,9
4457,-12,3
4458,-29,9
4459,2,1
4460,6,4
4461,-21,5
4462,1,4
4463,50,6
4464,-1,8
4465,-17,4
4466,-26,7
4467,5,7
4468,46,8
4469,27,9
4470,49,6
4471,-18,1
4472,57,2
4473,-13,1
4474,-23,1
4475,38,6
4476,17,1
4477,47,6
4478,-28,6
4479,39,8
4480,-14,3
4481,20,6
4482,26,9
4483,12,8
4484,11,6
4485,-2,4
4486,55,9
4487,24,7
4488,39,2
4489,12,4
4490,29,2
4491,10,8
4492,18,8
4493,47,7
4494,53,6
4495,-4,7
4496,-28,4
4497,50,3
4498,37,1
4499,11,8
4500,46,2
4501,23,6
4502,-30,8
4503,-10,4
4504,36,2
4505,16,3
4506,58,7
4507,28,4
4508,-30,2
4509,-17,7
4510,9,4
4511,36,7
4512,-22,8
4513,38,6
4514,-6,8
4515,33,7
4516,29,2
4517,2,2
4518,-26,6
4519,45,9
4520,21,6
4521,44,9
4522,2,7
4523,-15,8
4524,-28,3
4525,-26,4
4526,31,1
4527,-12,9
4528,-20,3
4529,54,1
4530,42,9
4531,-13,9
4532,-19,2
4533,12,7
4534,56,2
4535,19,5
4536,9,2
4537,46,7
4538,4,2
4539,26,6
4540,25,8
4541,-3,5
4542,31,3
4543,56,9
4544,-16,9
4545,-23,7
4546,-16,3
4547,34,1
4548,4,3
4549,27,6
4550,45,9
4551,-22,1
4552,8,7
4553,-10,3
4554,29,7
4555,12,2
4556,32,3
4557,11,1
4558,52,9
4559,3,9
4560,-14,9
4561,34,4
4562,-6,6
4563,27,7
4564,-21,7
4565,47,5
4566,-25,4
4567,19,1
4568,-11,9
4569,15,4
4570,45,4
4571,-20,3
4572,48,9
4573,-3,2
4574,-29,2
4575,33,2
4576,-17,4
4577,38,3
4578,43,1
4579,47,4
4580,51,2
4581,50,9
4582,-3,9
4583,7,2
4584,2,8
4585,23,6
4586,29,8
4587,-27,8
4588,23,9
4589,56,1
4590,-10,2
4591,-6,3
4592,20,5
4593,-16,8
4594,47,8
4595,-18,8
4596,30,6
4597,-10,2
4598,13,5
4599,30,4
4600,-7,3
4601,58,5
4602,4,7
4603,-8,9
4604,37,1
4605,24,5
4606,-10,4
4607,-7,1
4608,59,7
4609,30,2
4610,58,7
4611,-23,7
4612,39,6
4613,31,9
4614,-28,7
4615,-15,8
4616,-25,4
4617,-10,4
4618,-28,7
4619,34,4
4620,40,4
4621,-7,2
4622,-11,2
4623,3,5
4624,15,7
4625,41,6
4626,58,1
4627,7,9
4628,-3,2
4629,6,3
4630,30,4
4631,-6,7
4632,45,7
4633,12,2
4634,-11,6
4635,51,9
4636,2,9
4637,2,3
4638,8,3
4639,-19,8
4640,47,1
4641,-11,5
4642,-13,5
4643,43,7
4644,-14,9
4645,-26,2
4646,33,8
4647,-3,6
4648,2,5
4649,7,1
4650,54,2
4651,8,5
4652,34,8
4653,-28,9
4654,46,7
4655,-5,2
4656,39,3
4657,58,9
4658,4,8
4659,-12,6
4660,19,3
4661,4,1
4662,55,6
4663,-20,6
4664,58,7
4665,-5,9
4666,-21,1
4667,15,8
4668,-3,6
4669,52,2
4670,-12,7
4671,5,9
4672,-13,1
4673,-5,8
4674,18,6
4675,24,2
4676,-23,2
4677,-26,1
4678,41,1
4679,-1,2
4680,-23,6
4681,5,6
4682,43,3
4683,-4,4
4684,-16,9
4685,53,2
4686,7,5
4687,51,1
4688,8,9
4689,45,4
4690,12,2
4691,51,9
4692,4,7
4693,20,7
4694,7,7
4695,41,3
4696,4,7
4697,21,6
4698,-22,8
4699,13,5
4700,-23,7
4701,41,3
4702,-30,1
4703,-6,7
4704,40,3
4705,1,7
4706,31,6
4707,-21,9
4708,55,1
4709,-14,9
4710,-20,2
4711,16,2
4712,25,2
4713,10,9
4714,-15,7
4715,-6,1
4716,-1,1
4717,45,7
4718,10,1
4719,30,7
4720,18,2
4721,59,8
4722,59,3
4723,45,8
4724,11,3
4725,32,4
4726,-5,3
4727,7,8
4728,-3,4
4729,39,9
4730,-30,1
4731,35,4
4732,11,4
4733,-23,2
4734,19,7
4735,-21,3
4736,42,6
4737,21,5
4738,-20,9
4739,-27,4
4740,-1,5
4741,6,7
4742,-14,8
4743,-22,6
4744,-25,1
4745,38,7
4746,18,2
4747,-30,9
4748,-13,4
4749,-17,8
4750,-19,4
4751,37,7
4752,41,9
4753,39,6
4754,29,1
4755,53,8
4756,56,2
4757,50,7
4758,34,6
4759,22,9
4760,8,2
4761,18,2
4762,47,9
4763,-29,6
4764,-15,3
4765,17,2
4766,14,1
4767,-5,5
4768,-20,1
4769,24,7
4770,-18,3
4771,-4,1
4772,31,4
4773,-19,5
4774,32,6
4775,-28,8
4776,-27,5
4777,-16,1
4778,16,4
4779,47,3
4780,-7,8
4781,10,7
4782,39,3
4783,44,1
4784,-15,1
4785,46,4
4786,44,5
4787,51,7
4788,26,1
4789,10,4
4790,16,4
4791,15,3
4792,43,5
4793,31,5
4794,5,2
4795,-1,5
4796,-16,6
4797,-13,1
4798,-2,4
4799,27,9
4800,-9,6
4801,24,8
4802,-8,8
4803,13,6
4804,39,8
4805,29,1
4806,57,3
4807,-26,5
4808,56,7
4809,3,9
4810,-19,4
4811,44,8
4812,36,1
4813,57,4
4814,10,5
4815,-23,3
4816,-29,1
4817,27,6
4818,6,6
4819,49,3
4820,29,6
4821,10,8
4822,41,1
4823,5,5
4824,47,3
4825,45,7
4826,-12,1
4827,20,8
4828,23,6
4829,46,6
4830,-2,8
4831,36,3
4832,-23,6
4833,30,9
4834,25,1
4835,47,8
4836,-24,4
4837,37,4
4838,-10,8
4839,14,8
4840,-19,9
4841,42,8
4842,-24,1
4843,14,2
4844,4,8
4845,9,5
4846,-20,4
4847,11,2
4848,-29,2
4849,3,6
4850,23,2
4851,49,5
4852,20,9
4853,1,4
4854,48,6
4855,43,4
4856,-19,8
4857,-18,7
4858,-1,1
4859,55,2
4860,40,7
4861,49,9
4862,14,1
4863,56,6
4864,39,3
4865,15,5
4866,1,7
4867,52,2
4868,5,4
4869,-1,1
4870,-28,4
4871,6,3
4872,51,3
4873,49,1
4874,-27,4
4875,37,4
4876,12,8
4877,-24,7
4878,51,4
4879,12,1
4880,6,8
4881,35,1
4882,15,6
4883,38,3
4884,-28,6
4885,4,7
4886,-16,2
4887,49,3
4888,-4,5
4889,45,1
4890,38,3
4891,22,5
4892,36,5
4893,44,1
4894,8,9
4895,-25,1
4896,-17,1
4897,56,4
4898,-27,5
4899,-15,4
4900,-24,9
4901,-4,2
4902,36,7
4903,-28,2
4904,1,5
4905,17,4
4906,37,3
4907,-21,9
4908,-30,1
4909,-13,8
4910,-3,8
4911,12,1
4912,49,9
4913,-9,3
4914,33,6
4915,-1,8
4916,10,4
4917,8,9
4918,43,5
4919,-6,4
4920,-20,5
4921,56,9
4922,-9,7
4923,-11,5
4924,-26,1
4925,-9,8
4926,50,6
4927,-13,9
4928,48,9
4929,45,7
4930,-29,2
4931,-28,4
4932,13,9
4933,47,3
4934,5,8
4935,6,1
4936,47,8
4937,-8,7
4938,22,3
4939,48,2
4940,31,4
4941,40,1
4942,27,9
4943,2,8
4944,26,8
4945,18,8
4946,7,9
4947,45,3
4948,20,7
4949,27,1
4950,-7,1
4951,47,8
4952,11,7
4953,40,9
4954,-11,6
4955,13,9
4956,23,8
4957,16,1
4958,-24,8
4959,-26,5
4960,21,9
4961,46,9
4962,1,1
4963,-4,3
4964,19,3
4965,35,3
4966,46,6
4967,7,8
4968,25,3
4969,32,3
4970,-1,6
4971,15,7
4972,39,7
4973,36,8
4974,20,5
4975,28,6
4976,52,6
4977,28,9
4978,19,9
4979,49,3
4980,37,5
4981,21,7
4982,14,1
4983,-22,3
4984,33,7
4985,-23,3
4986,18,6
4987,24,8
4988,59,8
4989,-22,8
4990,-19,1
4991,38,3
4992,49,5
4993,-12,6
4994,56,3
4995,-23,7
4996,-13,6
4997,-5,6
4998,12,2
4999,-5,6
5000,48,5
